{
    "optimized_parameters": [
        -21.172704704545712,
        -15.61965974900962,
        -6.75016238602288,
        -9.45205946410513,
        -2.0636926285678907,
        -0.0701391004644067,
        -0.9544609378374582,
        -0.12306994876343631,
        9.856285026263443,
        3.9500814268882274,
        11.853147197793115,
        19.6810489419957,
        19.517639814361026,
        20.140492975247955,
        30.26069136778343,
        -20.618647914376474,
        -15.182504343287487,
        -9.7463607721977,
        -10.425878718583714,
        -10.425049712989125,
        0.9247986050825233,
        -0.2632086134313482,
        6.443777392379414,
        10.639177619387427,
        9.959659673000939,
        15.395803244090395,
        20.831946815178934,
        20.15242886879297,
        25.588572439881908,
        31.024716010971993,
        -6.922594835054041e-16,
        -3.0146999688881495,
        0.249547378667418,
        0.1249999999996745,
        0.16666666666683919,
        0.20833333333344486,
        0.0073450655736448135,
        0.5544517644642625,
        0.33333333333385706,
        0.3749999999999846,
        0.4166666666666318,
        0.0069168106665942405,
        0.9556892294172132,
        0.5416666666667147,
        0.5833333333338041,
        0.624999999999709,
        0.8319859669573905,
        8.169817616878301,
        0.7499999999993762,
        0.7916666666664894,
        0.8333333333334075,
        0.44191077695227254,
        6.847513303114724,
        0.9583333333342297,
        0.9999999999999977
    ],
    "num_mfs_error": 5,
    "num_mfs_delta_error": 5,
    "mf_type": "trimf",
    "and_method": "min",
    "error_range_used_for_init": [
        -15.758663012721344,
        24.846649675959327
    ],
    "delta_error_range_used_for_init": [
        -15.182504343286851,
        25.58857243988235
    ],
    "power_range": [
        0,
        1
    ]
}